{"today":[{"fairings":{"reused":false,"recovery_attempt":false,"recovered":false,"ships":[]},"links":{"patch":{"small":"https://images2.imgbox.com/6f/c0/D3Owbmpo_o.png","large":"https://images2.imgbox.com/57/6a/upI6gwfq_o.png"},"reddit":{"campaign":null,"launch":"http://www.reddit.com/r/spacex/comments/2fenrv","media":null,"recovery":null},"flickr":{"small":[],"original":["https://farm8.staticflickr.com/7604/16169087563_0e3559ab5b_o.jpg","https://farm9.staticflickr.com/8742/16233828644_96738200b2_o.jpg","https://farm8.staticflickr.com/7645/16601443698_e70315d1ed_o.jpg","https://farm9.staticflickr.com/8730/16830335046_5f017c17be_o.jpg","https://farm9.staticflickr.com/8637/16855040322_57671ab8eb_o.jpg"]},"presskit":"https://www.spaceflightnow.com/falcon9/012/presskit.pdf","webcast":"https://www.youtube.com/watch?v=39ninsyTRk8","youtube_id":"39ninsyTRk8","article":"https://www.space.com/27052-spacex-launches-asiasat6-satellite.html","wikipedia":"https://en.wikipedia.org/wiki/AsiaSat_6"},"static_fire_date_utc":"2014-08-22T23:51:18.000Z","static_fire_date_unix":1408751478,"net":false,"window":7200,"rocket":"5e9d0d95eda69973a809d1ec","success":true,"failures":[],"details":null,"crew":[],"ships":[],"capsules":[],"payloads":["5eb0e4bcb6c3bb0006eeb1f4"],"launchpad":{"images":{"large":["https://i.imgur.com/9oEMXwa.png"]},"name":"CCSFS SLC 40","full_name":"Cape Canaveral Space Force Station Space Launch Complex 40","locality":"Cape Canaveral","region":"Florida","latitude":28.5618571,"longitude":-80.577366,"launch_attempts":95,"launch_successes":93,"rockets":["5e9d0d95eda69973a809d1ec"],"timezone":"America/New_York","launches":["5eb87cddffd86e000604b32f","5eb87cdeffd86e000604b330","5eb87cdfffd86e000604b331","5eb87ce0ffd86e000604b332","5eb87ce1ffd86e000604b333","5eb87ce2ffd86e000604b335","5eb87ce3ffd86e000604b336","5eb87ce4ffd86e000604b337","5eb87ce4ffd86e000604b338","5eb87ce5ffd86e000604b339","5eb87ce6ffd86e000604b33a","5eb87ce7ffd86e000604b33b","5eb87ce8ffd86e000604b33c","5eb87ceaffd86e000604b33d","5eb87ceaffd86e000604b33e","5eb87cecffd86e000604b33f","5eb87cedffd86e000604b340","5eb87ceeffd86e000604b341","5eb87cefffd86e000604b342","5eb87cf2ffd86e000604b344","5eb87cf3ffd86e000604b345","5eb87cf5ffd86e000604b346","5eb87cf6ffd86e000604b347","5eb87cf8ffd86e000604b348","5eb87cf9ffd86e000604b349","5eb87cfaffd86e000604b34a","5eb87cfbffd86e000604b34b","5eb87d0effd86e000604b35c","5eb87d10ffd86e000604b35e","5eb87d11ffd86e000604b35f","5eb87d15ffd86e000604b362","5eb87d16ffd86e000604b364","5eb87d18ffd86e000604b365","5eb87d1bffd86e000604b368","5eb87d1cffd86e000604b369","5eb87d1effd86e000604b36a","5eb87d20ffd86e000604b36c","5eb87d22ffd86e000604b36d","5eb87d26ffd86e000604b371","5eb87d27ffd86e000604b372","5eb87d2affd86e000604b374","5eb87d2effd86e000604b377","5eb87d30ffd86e000604b378","5eb87d36ffd86e000604b37b","5eb87d37ffd86e000604b37c","5eb87d39ffd86e000604b37d","5eb87d39ffd86e000604b37e","5eb87d3bffd86e000604b37f","5eb87d3cffd86e000604b380","5eb87d3fffd86e000604b382","5eb87d41ffd86e000604b383","5eb87d42ffd86e000604b384","5eb87d45ffd86e000604b387","5eb87d46ffd86e000604b389","5eb87d4affd86e000604b38b","5eb87d50ffd86e000604b394","5ed981d91f30554030d45c2a","5eb87d47ffd86e000604b38a","5ef6a2e70059c33cee4a8293","5eb87d4cffd86e000604b38d","5fb95b3f3a88ae63c954603c","5eb87d4bffd86e000604b38c","5eb87d4fffd86e000604b393","5fd386aa7faea57d297c86c1","5ff6554f9257f579ee3a6c5f","600f9a5e8f798e2a4d5f979c","600f9a718f798e2a4d5f979d","60428aafc041c16716f73cd7","60428ac4c041c16716f73cd8","605b4b6aaa5433645e37d03f","6079bd1c9a06446e8c61bf76","6079bd399a06446e8c61bf77","5fe3af6db3467846b3242160","5eb87d4effd86e000604b390","600f9b6d8f798e2a4d5f979f","618faad2563d69573ed8ca9d","6161c94c6db1a92bfba85349","5fe3afc1b3467846b3242164","61bf3e31cd5ab50b0d936345","6161d32d6db1a92bfba85359","61fc01dae0dc5662b76489a7","61fc0243e0dc5662b76489ae","6234908cf051102e1fcedac4","6243ad8baf52800c6e919252","6243ada6af52800c6e919253","62582a6f5988f159024b964b","625828f25988f159024b9643","6243ae24af52800c6e919258","6243ae0aaf52800c6e919257","62a9f08b20413d2695d88711","6243aea5af52800c6e91925c","62a9f0c920413d2695d88712","62a9f0f820413d2695d88714","62a9f12820413d2695d88716","62a9f86420413d2695d88719"],"status":"active","details":"SpaceX's primary Falcon 9 pad, where all east coast Falcon 9s launched prior to the AMOS-6 anomaly. Previously used alongside SLC-41 to launch Titan rockets for the US Air Force, the pad was heavily damaged by the AMOS-6 anomaly in September 2016. It returned to flight with CRS-13 on December 15, 2017, boasting an upgraded throwback-style Transporter-Erector modeled after that at LC-39A.","id":"5e9e4501f509094ba4566f84"},"flight_number":17,"name":"AsiaSat 6","date_utc":"2014-09-07T05:00:00.000Z","date_unix":1410066000,"date_local":"2014-09-07T01:00:00-04:00","date_precision":"hour","upcoming":false,"cores":[{"core":"5e9e28a0f35918b1bc3b2633","flight":1,"gridfins":false,"legs":false,"reused":false,"landing_attempt":false,"landing_success":null,"landing_type":null,"landpad":null}],"auto_update":true,"tbd":false,"launch_library_id":null,"id":"5eb87ce6ffd86e000604b33a","weather":{"temperature":"+23 °C","wind":"7 km/h","description":"Clear","forecast":[{"day":"1","temperature":"28 °C","wind":"5 km/h"},{"day":"2","temperature":"+27 °C","wind":"6 km/h"},{"day":"3","temperature":" °C","wind":"7 km/h"}]}},{"fairings":null,"links":{"patch":{"small":"https://images2.imgbox.com/b4/28/cQwcs8qz_o.png","large":"https://images2.imgbox.com/0d/e8/tfdeNslS_o.png"},"reddit":{"campaign":null,"launch":"http://www.reddit.com/r/spacex/comments/2grxer","media":null,"recovery":null},"flickr":{"small":[],"original":["https://farm8.staticflickr.com/7608/16661753958_9f61f777e7_o.jpg","https://farm9.staticflickr.com/8593/16763199166_38ba2cafc8_o.jpg","https://farm9.staticflickr.com/8655/16789074175_ba03989359_o.png","https://farm9.staticflickr.com/8659/16166761954_ebc2a72b2a_o.jpg","https://farm9.staticflickr.com/8620/16642025217_a6852b9499_o.jpg"]},"presskit":"https://www.nasa.gov/sites/default/files/files/SpaceX_NASA_CRS-4_PressKit.pdf","webcast":"https://www.youtube.com/watch?v=7YkCh7uOw1Y","youtube_id":"7YkCh7uOw1Y","article":"https://www.nasa.gov/press/2014/september/nasa-cargo-launches-to-space-station-aboard-spacex-resupply-mission-0","wikipedia":"https://en.wikipedia.org/wiki/SpaceX_CRS-4"},"static_fire_date_utc":"2014-09-17T00:00:00.000Z","static_fire_date_unix":1410912000,"net":false,"window":0,"rocket":"5e9d0d95eda69973a809d1ec","success":true,"failures":[],"details":null,"crew":[],"ships":["5ea6ed2d080df4000697c902"],"capsules":["5e9e2c5bf3591880643b2669"],"payloads":["5eb0e4bcb6c3bb0006eeb1f5"],"launchpad":{"images":{"large":["https://i.imgur.com/9oEMXwa.png"]},"name":"CCSFS SLC 40","full_name":"Cape Canaveral Space Force Station Space Launch Complex 40","locality":"Cape Canaveral","region":"Florida","latitude":28.5618571,"longitude":-80.577366,"launch_attempts":95,"launch_successes":93,"rockets":["5e9d0d95eda69973a809d1ec"],"timezone":"America/New_York","launches":["5eb87cddffd86e000604b32f","5eb87cdeffd86e000604b330","5eb87cdfffd86e000604b331","5eb87ce0ffd86e000604b332","5eb87ce1ffd86e000604b333","5eb87ce2ffd86e000604b335","5eb87ce3ffd86e000604b336","5eb87ce4ffd86e000604b337","5eb87ce4ffd86e000604b338","5eb87ce5ffd86e000604b339","5eb87ce6ffd86e000604b33a","5eb87ce7ffd86e000604b33b","5eb87ce8ffd86e000604b33c","5eb87ceaffd86e000604b33d","5eb87ceaffd86e000604b33e","5eb87cecffd86e000604b33f","5eb87cedffd86e000604b340","5eb87ceeffd86e000604b341","5eb87cefffd86e000604b342","5eb87cf2ffd86e000604b344","5eb87cf3ffd86e000604b345","5eb87cf5ffd86e000604b346","5eb87cf6ffd86e000604b347","5eb87cf8ffd86e000604b348","5eb87cf9ffd86e000604b349","5eb87cfaffd86e000604b34a","5eb87cfbffd86e000604b34b","5eb87d0effd86e000604b35c","5eb87d10ffd86e000604b35e","5eb87d11ffd86e000604b35f","5eb87d15ffd86e000604b362","5eb87d16ffd86e000604b364","5eb87d18ffd86e000604b365","5eb87d1bffd86e000604b368","5eb87d1cffd86e000604b369","5eb87d1effd86e000604b36a","5eb87d20ffd86e000604b36c","5eb87d22ffd86e000604b36d","5eb87d26ffd86e000604b371","5eb87d27ffd86e000604b372","5eb87d2affd86e000604b374","5eb87d2effd86e000604b377","5eb87d30ffd86e000604b378","5eb87d36ffd86e000604b37b","5eb87d37ffd86e000604b37c","5eb87d39ffd86e000604b37d","5eb87d39ffd86e000604b37e","5eb87d3bffd86e000604b37f","5eb87d3cffd86e000604b380","5eb87d3fffd86e000604b382","5eb87d41ffd86e000604b383","5eb87d42ffd86e000604b384","5eb87d45ffd86e000604b387","5eb87d46ffd86e000604b389","5eb87d4affd86e000604b38b","5eb87d50ffd86e000604b394","5ed981d91f30554030d45c2a","5eb87d47ffd86e000604b38a","5ef6a2e70059c33cee4a8293","5eb87d4cffd86e000604b38d","5fb95b3f3a88ae63c954603c","5eb87d4bffd86e000604b38c","5eb87d4fffd86e000604b393","5fd386aa7faea57d297c86c1","5ff6554f9257f579ee3a6c5f","600f9a5e8f798e2a4d5f979c","600f9a718f798e2a4d5f979d","60428aafc041c16716f73cd7","60428ac4c041c16716f73cd8","605b4b6aaa5433645e37d03f","6079bd1c9a06446e8c61bf76","6079bd399a06446e8c61bf77","5fe3af6db3467846b3242160","5eb87d4effd86e000604b390","600f9b6d8f798e2a4d5f979f","618faad2563d69573ed8ca9d","6161c94c6db1a92bfba85349","5fe3afc1b3467846b3242164","61bf3e31cd5ab50b0d936345","6161d32d6db1a92bfba85359","61fc01dae0dc5662b76489a7","61fc0243e0dc5662b76489ae","6234908cf051102e1fcedac4","6243ad8baf52800c6e919252","6243ada6af52800c6e919253","62582a6f5988f159024b964b","625828f25988f159024b9643","6243ae24af52800c6e919258","6243ae0aaf52800c6e919257","62a9f08b20413d2695d88711","6243aea5af52800c6e91925c","62a9f0c920413d2695d88712","62a9f0f820413d2695d88714","62a9f12820413d2695d88716","62a9f86420413d2695d88719"],"status":"active","details":"SpaceX's primary Falcon 9 pad, where all east coast Falcon 9s launched prior to the AMOS-6 anomaly. Previously used alongside SLC-41 to launch Titan rockets for the US Air Force, the pad was heavily damaged by the AMOS-6 anomaly in September 2016. It returned to flight with CRS-13 on December 15, 2017, boasting an upgraded throwback-style Transporter-Erector modeled after that at LC-39A.","id":"5e9e4501f509094ba4566f84"},"flight_number":18,"name":"CRS-4","date_utc":"2014-09-21T05:52:00.000Z","date_unix":1411278720,"date_local":"2014-09-21T01:52:00-04:00","date_precision":"hour","upcoming":false,"cores":[{"core":"5e9e28a0f359184a683b2634","flight":1,"gridfins":false,"legs":false,"reused":false,"landing_attempt":true,"landing_success":false,"landing_type":"Ocean","landpad":null}],"auto_update":true,"tbd":false,"launch_library_id":null,"id":"5eb87ce7ffd86e000604b33b","weather":{"temperature":"+23 °C","wind":"7 km/h","description":"Clear","forecast":[{"day":"1","temperature":"28 °C","wind":"5 km/h"},{"day":"2","temperature":"+27 °C","wind":"6 km/h"},{"day":"3","temperature":" °C","wind":"7 km/h"}]}},{"fairings":{"reused":false,"recovery_attempt":false,"recovered":false,"ships":[]},"links":{"patch":{"small":"https://images2.imgbox.com/a4/21/eLkeQOl8_o.png","large":"https://images2.imgbox.com/74/fc/KiaMQgym_o.png"},"reddit":{"campaign":"https://www.reddit.com/r/spacex/comments/4pv6ws","launch":"https://www.reddit.com/r/spacex/comments/4xi7uq","media":"https://www.reddit.com/r/spacex/comments/4xkdfj","recovery":"https://www.reddit.com/r/spacex/comments/4y5xd1"},"flickr":{"small":[],"original":["https://farm9.staticflickr.com/8699/28965678292_17533229f3_o.jpg","https://farm9.staticflickr.com/8173/28453337463_b9d11eeb4c_o.jpg","https://farm8.staticflickr.com/7793/28453335533_3f5a0a5760_o.jpg","https://farm9.staticflickr.com/8784/28938085496_74b3fd0527_o.jpg","https://farm9.staticflickr.com/8337/28969742675_15f78369a1_o.jpg","https://farm9.staticflickr.com/8691/28353012603_ab83b6f5aa_o.jpg","https://farm9.staticflickr.com/8078/28351782813_58ca783e51_o.jpg"]},"presskit":"https://drive.google.com/open?id=0BwA3a65ef1Ovb0FkYnE5dElZRlU","webcast":"https://www.youtube.com/watch?v=QZTCEO0gvLo","youtube_id":"QZTCEO0gvLo","article":"https://spaceflightnow.com/2016/08/14/falcon-9-rocket-launches-japanese-satellite-then-nails-bullseye-landing/","wikipedia":"https://en.wikipedia.org/wiki/JCSAT-16"},"static_fire_date_utc":"2016-08-11T04:01:00.000Z","static_fire_date_unix":1470888060,"net":false,"window":7200,"rocket":"5e9d0d95eda69973a809d1ec","success":true,"failures":[],"details":"First attempt to touch down from a ballistic trajectory using a single-engine landing burn. All previous landings from a ballistic trajectory had fired three engines on the landing-burn, which provided more braking force, but subjected the vehicle to greater structural stresses. The single-engine landing burn takes more time and fuel, but puts less stress on the vehicle.","crew":[],"ships":["5ea6ed2e080df4000697c906","5ea6ed2f080df4000697c90b","5ea6ed2f080df4000697c90c","5ea6ed30080df4000697c913"],"capsules":[],"payloads":["5eb0e4c1b6c3bb0006eeb206"],"launchpad":{"images":{"large":["https://i.imgur.com/9oEMXwa.png"]},"name":"CCSFS SLC 40","full_name":"Cape Canaveral Space Force Station Space Launch Complex 40","locality":"Cape Canaveral","region":"Florida","latitude":28.5618571,"longitude":-80.577366,"launch_attempts":95,"launch_successes":93,"rockets":["5e9d0d95eda69973a809d1ec"],"timezone":"America/New_York","launches":["5eb87cddffd86e000604b32f","5eb87cdeffd86e000604b330","5eb87cdfffd86e000604b331","5eb87ce0ffd86e000604b332","5eb87ce1ffd86e000604b333","5eb87ce2ffd86e000604b335","5eb87ce3ffd86e000604b336","5eb87ce4ffd86e000604b337","5eb87ce4ffd86e000604b338","5eb87ce5ffd86e000604b339","5eb87ce6ffd86e000604b33a","5eb87ce7ffd86e000604b33b","5eb87ce8ffd86e000604b33c","5eb87ceaffd86e000604b33d","5eb87ceaffd86e000604b33e","5eb87cecffd86e000604b33f","5eb87cedffd86e000604b340","5eb87ceeffd86e000604b341","5eb87cefffd86e000604b342","5eb87cf2ffd86e000604b344","5eb87cf3ffd86e000604b345","5eb87cf5ffd86e000604b346","5eb87cf6ffd86e000604b347","5eb87cf8ffd86e000604b348","5eb87cf9ffd86e000604b349","5eb87cfaffd86e000604b34a","5eb87cfbffd86e000604b34b","5eb87d0effd86e000604b35c","5eb87d10ffd86e000604b35e","5eb87d11ffd86e000604b35f","5eb87d15ffd86e000604b362","5eb87d16ffd86e000604b364","5eb87d18ffd86e000604b365","5eb87d1bffd86e000604b368","5eb87d1cffd86e000604b369","5eb87d1effd86e000604b36a","5eb87d20ffd86e000604b36c","5eb87d22ffd86e000604b36d","5eb87d26ffd86e000604b371","5eb87d27ffd86e000604b372","5eb87d2affd86e000604b374","5eb87d2effd86e000604b377","5eb87d30ffd86e000604b378","5eb87d36ffd86e000604b37b","5eb87d37ffd86e000604b37c","5eb87d39ffd86e000604b37d","5eb87d39ffd86e000604b37e","5eb87d3bffd86e000604b37f","5eb87d3cffd86e000604b380","5eb87d3fffd86e000604b382","5eb87d41ffd86e000604b383","5eb87d42ffd86e000604b384","5eb87d45ffd86e000604b387","5eb87d46ffd86e000604b389","5eb87d4affd86e000604b38b","5eb87d50ffd86e000604b394","5ed981d91f30554030d45c2a","5eb87d47ffd86e000604b38a","5ef6a2e70059c33cee4a8293","5eb87d4cffd86e000604b38d","5fb95b3f3a88ae63c954603c","5eb87d4bffd86e000604b38c","5eb87d4fffd86e000604b393","5fd386aa7faea57d297c86c1","5ff6554f9257f579ee3a6c5f","600f9a5e8f798e2a4d5f979c","600f9a718f798e2a4d5f979d","60428aafc041c16716f73cd7","60428ac4c041c16716f73cd8","605b4b6aaa5433645e37d03f","6079bd1c9a06446e8c61bf76","6079bd399a06446e8c61bf77","5fe3af6db3467846b3242160","5eb87d4effd86e000604b390","600f9b6d8f798e2a4d5f979f","618faad2563d69573ed8ca9d","6161c94c6db1a92bfba85349","5fe3afc1b3467846b3242164","61bf3e31cd5ab50b0d936345","6161d32d6db1a92bfba85359","61fc01dae0dc5662b76489a7","61fc0243e0dc5662b76489ae","6234908cf051102e1fcedac4","6243ad8baf52800c6e919252","6243ada6af52800c6e919253","62582a6f5988f159024b964b","625828f25988f159024b9643","6243ae24af52800c6e919258","6243ae0aaf52800c6e919257","62a9f08b20413d2695d88711","6243aea5af52800c6e91925c","62a9f0c920413d2695d88712","62a9f0f820413d2695d88714","62a9f12820413d2695d88716","62a9f86420413d2695d88719"],"status":"active","details":"SpaceX's primary Falcon 9 pad, where all east coast Falcon 9s launched prior to the AMOS-6 anomaly. Previously used alongside SLC-41 to launch Titan rockets for the US Air Force, the pad was heavily damaged by the AMOS-6 anomaly in September 2016. It returned to flight with CRS-13 on December 15, 2017, boasting an upgraded throwback-style Transporter-Erector modeled after that at LC-39A.","id":"5e9e4501f509094ba4566f84"},"flight_number":33,"name":"JCSAT-16","date_utc":"2016-08-14T05:26:00.000Z","date_unix":1471152360,"date_local":"2016-08-14T01:26:00-04:00","date_precision":"hour","upcoming":false,"cores":[{"core":"5e9e28a2f35918b8243b2643","flight":1,"gridfins":true,"legs":true,"reused":false,"landing_attempt":true,"landing_success":true,"landing_type":"ASDS","landpad":"5e9e3032383ecb6bb234e7ca"}],"auto_update":true,"tbd":false,"launch_library_id":null,"id":"5eb87cfaffd86e000604b34a","weather":{"temperature":"+23 °C","wind":"7 km/h","description":"Clear","forecast":[{"day":"1","temperature":"28 °C","wind":"5 km/h"},{"day":"2","temperature":"+27 °C","wind":"6 km/h"},{"day":"3","temperature":" °C","wind":"7 km/h"}]}}],"tomorrow":[{"fairings":{"reused":false,"recovery_attempt":false,"recovered":false,"ships":[]},"links":{"patch":{"small":"https://images2.imgbox.com/6f/c0/D3Owbmpo_o.png","large":"https://images2.imgbox.com/57/6a/upI6gwfq_o.png"},"reddit":{"campaign":null,"launch":"http://www.reddit.com/r/spacex/comments/2fenrv","media":null,"recovery":null},"flickr":{"small":[],"original":["https://farm8.staticflickr.com/7604/16169087563_0e3559ab5b_o.jpg","https://farm9.staticflickr.com/8742/16233828644_96738200b2_o.jpg","https://farm8.staticflickr.com/7645/16601443698_e70315d1ed_o.jpg","https://farm9.staticflickr.com/8730/16830335046_5f017c17be_o.jpg","https://farm9.staticflickr.com/8637/16855040322_57671ab8eb_o.jpg"]},"presskit":"https://www.spaceflightnow.com/falcon9/012/presskit.pdf","webcast":"https://www.youtube.com/watch?v=39ninsyTRk8","youtube_id":"39ninsyTRk8","article":"https://www.space.com/27052-spacex-launches-asiasat6-satellite.html","wikipedia":"https://en.wikipedia.org/wiki/AsiaSat_6"},"static_fire_date_utc":"2014-08-22T23:51:18.000Z","static_fire_date_unix":1408751478,"net":false,"window":7200,"rocket":"5e9d0d95eda69973a809d1ec","success":true,"failures":[],"details":null,"crew":[],"ships":[],"capsules":[],"payloads":["5eb0e4bcb6c3bb0006eeb1f4"],"launchpad":{"images":{"large":["https://i.imgur.com/9oEMXwa.png"]},"name":"CCSFS SLC 40","full_name":"Cape Canaveral Space Force Station Space Launch Complex 40","locality":"Cape Canaveral","region":"Florida","latitude":28.5618571,"longitude":-80.577366,"launch_attempts":95,"launch_successes":93,"rockets":["5e9d0d95eda69973a809d1ec"],"timezone":"America/New_York","launches":["5eb87cddffd86e000604b32f","5eb87cdeffd86e000604b330","5eb87cdfffd86e000604b331","5eb87ce0ffd86e000604b332","5eb87ce1ffd86e000604b333","5eb87ce2ffd86e000604b335","5eb87ce3ffd86e000604b336","5eb87ce4ffd86e000604b337","5eb87ce4ffd86e000604b338","5eb87ce5ffd86e000604b339","5eb87ce6ffd86e000604b33a","5eb87ce7ffd86e000604b33b","5eb87ce8ffd86e000604b33c","5eb87ceaffd86e000604b33d","5eb87ceaffd86e000604b33e","5eb87cecffd86e000604b33f","5eb87cedffd86e000604b340","5eb87ceeffd86e000604b341","5eb87cefffd86e000604b342","5eb87cf2ffd86e000604b344","5eb87cf3ffd86e000604b345","5eb87cf5ffd86e000604b346","5eb87cf6ffd86e000604b347","5eb87cf8ffd86e000604b348","5eb87cf9ffd86e000604b349","5eb87cfaffd86e000604b34a","5eb87cfbffd86e000604b34b","5eb87d0effd86e000604b35c","5eb87d10ffd86e000604b35e","5eb87d11ffd86e000604b35f","5eb87d15ffd86e000604b362","5eb87d16ffd86e000604b364","5eb87d18ffd86e000604b365","5eb87d1bffd86e000604b368","5eb87d1cffd86e000604b369","5eb87d1effd86e000604b36a","5eb87d20ffd86e000604b36c","5eb87d22ffd86e000604b36d","5eb87d26ffd86e000604b371","5eb87d27ffd86e000604b372","5eb87d2affd86e000604b374","5eb87d2effd86e000604b377","5eb87d30ffd86e000604b378","5eb87d36ffd86e000604b37b","5eb87d37ffd86e000604b37c","5eb87d39ffd86e000604b37d","5eb87d39ffd86e000604b37e","5eb87d3bffd86e000604b37f","5eb87d3cffd86e000604b380","5eb87d3fffd86e000604b382","5eb87d41ffd86e000604b383","5eb87d42ffd86e000604b384","5eb87d45ffd86e000604b387","5eb87d46ffd86e000604b389","5eb87d4affd86e000604b38b","5eb87d50ffd86e000604b394","5ed981d91f30554030d45c2a","5eb87d47ffd86e000604b38a","5ef6a2e70059c33cee4a8293","5eb87d4cffd86e000604b38d","5fb95b3f3a88ae63c954603c","5eb87d4bffd86e000604b38c","5eb87d4fffd86e000604b393","5fd386aa7faea57d297c86c1","5ff6554f9257f579ee3a6c5f","600f9a5e8f798e2a4d5f979c","600f9a718f798e2a4d5f979d","60428aafc041c16716f73cd7","60428ac4c041c16716f73cd8","605b4b6aaa5433645e37d03f","6079bd1c9a06446e8c61bf76","6079bd399a06446e8c61bf77","5fe3af6db3467846b3242160","5eb87d4effd86e000604b390","600f9b6d8f798e2a4d5f979f","618faad2563d69573ed8ca9d","6161c94c6db1a92bfba85349","5fe3afc1b3467846b3242164","61bf3e31cd5ab50b0d936345","6161d32d6db1a92bfba85359","61fc01dae0dc5662b76489a7","61fc0243e0dc5662b76489ae","6234908cf051102e1fcedac4","6243ad8baf52800c6e919252","6243ada6af52800c6e919253","62582a6f5988f159024b964b","625828f25988f159024b9643","6243ae24af52800c6e919258","6243ae0aaf52800c6e919257","62a9f08b20413d2695d88711","6243aea5af52800c6e91925c","62a9f0c920413d2695d88712","62a9f0f820413d2695d88714","62a9f12820413d2695d88716","62a9f86420413d2695d88719"],"status":"active","details":"SpaceX's primary Falcon 9 pad, where all east coast Falcon 9s launched prior to the AMOS-6 anomaly. Previously used alongside SLC-41 to launch Titan rockets for the US Air Force, the pad was heavily damaged by the AMOS-6 anomaly in September 2016. It returned to flight with CRS-13 on December 15, 2017, boasting an upgraded throwback-style Transporter-Erector modeled after that at LC-39A.","id":"5e9e4501f509094ba4566f84"},"flight_number":17,"name":"AsiaSat 6","date_utc":"2014-09-07T05:00:00.000Z","date_unix":1410066000,"date_local":"2014-09-07T01:00:00-04:00","date_precision":"hour","upcoming":false,"cores":[{"core":"5e9e28a0f35918b1bc3b2633","flight":1,"gridfins":false,"legs":false,"reused":false,"landing_attempt":false,"landing_success":null,"landing_type":null,"landpad":null}],"auto_update":true,"tbd":false,"launch_library_id":null,"id":"5eb87ce6ffd86e000604b33a","weather":{"temperature":"+23 °C","wind":"7 km/h","description":"Clear","forecast":[{"day":"1","temperature":"28 °C","wind":"5 km/h"},{"day":"2","temperature":"+27 °C","wind":"6 km/h"},{"day":"3","temperature":" °C","wind":"7 km/h"}]}},{"fairings":null,"links":{"patch":{"small":"https://images2.imgbox.com/b4/28/cQwcs8qz_o.png","large":"https://images2.imgbox.com/0d/e8/tfdeNslS_o.png"},"reddit":{"campaign":null,"launch":"http://www.reddit.com/r/spacex/comments/2grxer","media":null,"recovery":null},"flickr":{"small":[],"original":["https://farm8.staticflickr.com/7608/16661753958_9f61f777e7_o.jpg","https://farm9.staticflickr.com/8593/16763199166_38ba2cafc8_o.jpg","https://farm9.staticflickr.com/8655/16789074175_ba03989359_o.png","https://farm9.staticflickr.com/8659/16166761954_ebc2a72b2a_o.jpg","https://farm9.staticflickr.com/8620/16642025217_a6852b9499_o.jpg"]},"presskit":"https://www.nasa.gov/sites/default/files/files/SpaceX_NASA_CRS-4_PressKit.pdf","webcast":"https://www.youtube.com/watch?v=7YkCh7uOw1Y","youtube_id":"7YkCh7uOw1Y","article":"https://www.nasa.gov/press/2014/september/nasa-cargo-launches-to-space-station-aboard-spacex-resupply-mission-0","wikipedia":"https://en.wikipedia.org/wiki/SpaceX_CRS-4"},"static_fire_date_utc":"2014-09-17T00:00:00.000Z","static_fire_date_unix":1410912000,"net":false,"window":0,"rocket":"5e9d0d95eda69973a809d1ec","success":true,"failures":[],"details":null,"crew":[],"ships":["5ea6ed2d080df4000697c902"],"capsules":["5e9e2c5bf3591880643b2669"],"payloads":["5eb0e4bcb6c3bb0006eeb1f5"],"launchpad":{"images":{"large":["https://i.imgur.com/9oEMXwa.png"]},"name":"CCSFS SLC 40","full_name":"Cape Canaveral Space Force Station Space Launch Complex 40","locality":"Cape Canaveral","region":"Florida","latitude":28.5618571,"longitude":-80.577366,"launch_attempts":95,"launch_successes":93,"rockets":["5e9d0d95eda69973a809d1ec"],"timezone":"America/New_York","launches":["5eb87cddffd86e000604b32f","5eb87cdeffd86e000604b330","5eb87cdfffd86e000604b331","5eb87ce0ffd86e000604b332","5eb87ce1ffd86e000604b333","5eb87ce2ffd86e000604b335","5eb87ce3ffd86e000604b336","5eb87ce4ffd86e000604b337","5eb87ce4ffd86e000604b338","5eb87ce5ffd86e000604b339","5eb87ce6ffd86e000604b33a","5eb87ce7ffd86e000604b33b","5eb87ce8ffd86e000604b33c","5eb87ceaffd86e000604b33d","5eb87ceaffd86e000604b33e","5eb87cecffd86e000604b33f","5eb87cedffd86e000604b340","5eb87ceeffd86e000604b341","5eb87cefffd86e000604b342","5eb87cf2ffd86e000604b344","5eb87cf3ffd86e000604b345","5eb87cf5ffd86e000604b346","5eb87cf6ffd86e000604b347","5eb87cf8ffd86e000604b348","5eb87cf9ffd86e000604b349","5eb87cfaffd86e000604b34a","5eb87cfbffd86e000604b34b","5eb87d0effd86e000604b35c","5eb87d10ffd86e000604b35e","5eb87d11ffd86e000604b35f","5eb87d15ffd86e000604b362","5eb87d16ffd86e000604b364","5eb87d18ffd86e000604b365","5eb87d1bffd86e000604b368","5eb87d1cffd86e000604b369","5eb87d1effd86e000604b36a","5eb87d20ffd86e000604b36c","5eb87d22ffd86e000604b36d","5eb87d26ffd86e000604b371","5eb87d27ffd86e000604b372","5eb87d2affd86e000604b374","5eb87d2effd86e000604b377","5eb87d30ffd86e000604b378","5eb87d36ffd86e000604b37b","5eb87d37ffd86e000604b37c","5eb87d39ffd86e000604b37d","5eb87d39ffd86e000604b37e","5eb87d3bffd86e000604b37f","5eb87d3cffd86e000604b380","5eb87d3fffd86e000604b382","5eb87d41ffd86e000604b383","5eb87d42ffd86e000604b384","5eb87d45ffd86e000604b387","5eb87d46ffd86e000604b389","5eb87d4affd86e000604b38b","5eb87d50ffd86e000604b394","5ed981d91f30554030d45c2a","5eb87d47ffd86e000604b38a","5ef6a2e70059c33cee4a8293","5eb87d4cffd86e000604b38d","5fb95b3f3a88ae63c954603c","5eb87d4bffd86e000604b38c","5eb87d4fffd86e000604b393","5fd386aa7faea57d297c86c1","5ff6554f9257f579ee3a6c5f","600f9a5e8f798e2a4d5f979c","600f9a718f798e2a4d5f979d","60428aafc041c16716f73cd7","60428ac4c041c16716f73cd8","605b4b6aaa5433645e37d03f","6079bd1c9a06446e8c61bf76","6079bd399a06446e8c61bf77","5fe3af6db3467846b3242160","5eb87d4effd86e000604b390","600f9b6d8f798e2a4d5f979f","618faad2563d69573ed8ca9d","6161c94c6db1a92bfba85349","5fe3afc1b3467846b3242164","61bf3e31cd5ab50b0d936345","6161d32d6db1a92bfba85359","61fc01dae0dc5662b76489a7","61fc0243e0dc5662b76489ae","6234908cf051102e1fcedac4","6243ad8baf52800c6e919252","6243ada6af52800c6e919253","62582a6f5988f159024b964b","625828f25988f159024b9643","6243ae24af52800c6e919258","6243ae0aaf52800c6e919257","62a9f08b20413d2695d88711","6243aea5af52800c6e91925c","62a9f0c920413d2695d88712","62a9f0f820413d2695d88714","62a9f12820413d2695d88716","62a9f86420413d2695d88719"],"status":"active","details":"SpaceX's primary Falcon 9 pad, where all east coast Falcon 9s launched prior to the AMOS-6 anomaly. Previously used alongside SLC-41 to launch Titan rockets for the US Air Force, the pad was heavily damaged by the AMOS-6 anomaly in September 2016. It returned to flight with CRS-13 on December 15, 2017, boasting an upgraded throwback-style Transporter-Erector modeled after that at LC-39A.","id":"5e9e4501f509094ba4566f84"},"flight_number":18,"name":"CRS-4","date_utc":"2014-09-21T05:52:00.000Z","date_unix":1411278720,"date_local":"2014-09-21T01:52:00-04:00","date_precision":"hour","upcoming":false,"cores":[{"core":"5e9e28a0f359184a683b2634","flight":1,"gridfins":false,"legs":false,"reused":false,"landing_attempt":true,"landing_success":false,"landing_type":"Ocean","landpad":null}],"auto_update":true,"tbd":false,"launch_library_id":null,"id":"5eb87ce7ffd86e000604b33b","weather":{"temperature":"+23 °C","wind":"7 km/h","description":"Clear","forecast":[{"day":"1","temperature":"28 °C","wind":"5 km/h"},{"day":"2","temperature":"+27 °C","wind":"6 km/h"},{"day":"3","temperature":" °C","wind":"7 km/h"}]}},{"fairings":{"reused":false,"recovery_attempt":false,"recovered":false,"ships":[]},"links":{"patch":{"small":"https://images2.imgbox.com/a4/21/eLkeQOl8_o.png","large":"https://images2.imgbox.com/74/fc/KiaMQgym_o.png"},"reddit":{"campaign":"https://www.reddit.com/r/spacex/comments/4pv6ws","launch":"https://www.reddit.com/r/spacex/comments/4xi7uq","media":"https://www.reddit.com/r/spacex/comments/4xkdfj","recovery":"https://www.reddit.com/r/spacex/comments/4y5xd1"},"flickr":{"small":[],"original":["https://farm9.staticflickr.com/8699/28965678292_17533229f3_o.jpg","https://farm9.staticflickr.com/8173/28453337463_b9d11eeb4c_o.jpg","https://farm8.staticflickr.com/7793/28453335533_3f5a0a5760_o.jpg","https://farm9.staticflickr.com/8784/28938085496_74b3fd0527_o.jpg","https://farm9.staticflickr.com/8337/28969742675_15f78369a1_o.jpg","https://farm9.staticflickr.com/8691/28353012603_ab83b6f5aa_o.jpg","https://farm9.staticflickr.com/8078/28351782813_58ca783e51_o.jpg"]},"presskit":"https://drive.google.com/open?id=0BwA3a65ef1Ovb0FkYnE5dElZRlU","webcast":"https://www.youtube.com/watch?v=QZTCEO0gvLo","youtube_id":"QZTCEO0gvLo","article":"https://spaceflightnow.com/2016/08/14/falcon-9-rocket-launches-japanese-satellite-then-nails-bullseye-landing/","wikipedia":"https://en.wikipedia.org/wiki/JCSAT-16"},"static_fire_date_utc":"2016-08-11T04:01:00.000Z","static_fire_date_unix":1470888060,"net":false,"window":7200,"rocket":"5e9d0d95eda69973a809d1ec","success":true,"failures":[],"details":"First attempt to touch down from a ballistic trajectory using a single-engine landing burn. All previous landings from a ballistic trajectory had fired three engines on the landing-burn, which provided more braking force, but subjected the vehicle to greater structural stresses. The single-engine landing burn takes more time and fuel, but puts less stress on the vehicle.","crew":[],"ships":["5ea6ed2e080df4000697c906","5ea6ed2f080df4000697c90b","5ea6ed2f080df4000697c90c","5ea6ed30080df4000697c913"],"capsules":[],"payloads":["5eb0e4c1b6c3bb0006eeb206"],"launchpad":{"images":{"large":["https://i.imgur.com/9oEMXwa.png"]},"name":"CCSFS SLC 40","full_name":"Cape Canaveral Space Force Station Space Launch Complex 40","locality":"Cape Canaveral","region":"Florida","latitude":28.5618571,"longitude":-80.577366,"launch_attempts":95,"launch_successes":93,"rockets":["5e9d0d95eda69973a809d1ec"],"timezone":"America/New_York","launches":["5eb87cddffd86e000604b32f","5eb87cdeffd86e000604b330","5eb87cdfffd86e000604b331","5eb87ce0ffd86e000604b332","5eb87ce1ffd86e000604b333","5eb87ce2ffd86e000604b335","5eb87ce3ffd86e000604b336","5eb87ce4ffd86e000604b337","5eb87ce4ffd86e000604b338","5eb87ce5ffd86e000604b339","5eb87ce6ffd86e000604b33a","5eb87ce7ffd86e000604b33b","5eb87ce8ffd86e000604b33c","5eb87ceaffd86e000604b33d","5eb87ceaffd86e000604b33e","5eb87cecffd86e000604b33f","5eb87cedffd86e000604b340","5eb87ceeffd86e000604b341","5eb87cefffd86e000604b342","5eb87cf2ffd86e000604b344","5eb87cf3ffd86e000604b345","5eb87cf5ffd86e000604b346","5eb87cf6ffd86e000604b347","5eb87cf8ffd86e000604b348","5eb87cf9ffd86e000604b349","5eb87cfaffd86e000604b34a","5eb87cfbffd86e000604b34b","5eb87d0effd86e000604b35c","5eb87d10ffd86e000604b35e","5eb87d11ffd86e000604b35f","5eb87d15ffd86e000604b362","5eb87d16ffd86e000604b364","5eb87d18ffd86e000604b365","5eb87d1bffd86e000604b368","5eb87d1cffd86e000604b369","5eb87d1effd86e000604b36a","5eb87d20ffd86e000604b36c","5eb87d22ffd86e000604b36d","5eb87d26ffd86e000604b371","5eb87d27ffd86e000604b372","5eb87d2affd86e000604b374","5eb87d2effd86e000604b377","5eb87d30ffd86e000604b378","5eb87d36ffd86e000604b37b","5eb87d37ffd86e000604b37c","5eb87d39ffd86e000604b37d","5eb87d39ffd86e000604b37e","5eb87d3bffd86e000604b37f","5eb87d3cffd86e000604b380","5eb87d3fffd86e000604b382","5eb87d41ffd86e000604b383","5eb87d42ffd86e000604b384","5eb87d45ffd86e000604b387","5eb87d46ffd86e000604b389","5eb87d4affd86e000604b38b","5eb87d50ffd86e000604b394","5ed981d91f30554030d45c2a","5eb87d47ffd86e000604b38a","5ef6a2e70059c33cee4a8293","5eb87d4cffd86e000604b38d","5fb95b3f3a88ae63c954603c","5eb87d4bffd86e000604b38c","5eb87d4fffd86e000604b393","5fd386aa7faea57d297c86c1","5ff6554f9257f579ee3a6c5f","600f9a5e8f798e2a4d5f979c","600f9a718f798e2a4d5f979d","60428aafc041c16716f73cd7","60428ac4c041c16716f73cd8","605b4b6aaa5433645e37d03f","6079bd1c9a06446e8c61bf76","6079bd399a06446e8c61bf77","5fe3af6db3467846b3242160","5eb87d4effd86e000604b390","600f9b6d8f798e2a4d5f979f","618faad2563d69573ed8ca9d","6161c94c6db1a92bfba85349","5fe3afc1b3467846b3242164","61bf3e31cd5ab50b0d936345","6161d32d6db1a92bfba85359","61fc01dae0dc5662b76489a7","61fc0243e0dc5662b76489ae","6234908cf051102e1fcedac4","6243ad8baf52800c6e919252","6243ada6af52800c6e919253","62582a6f5988f159024b964b","625828f25988f159024b9643","6243ae24af52800c6e919258","6243ae0aaf52800c6e919257","62a9f08b20413d2695d88711","6243aea5af52800c6e91925c","62a9f0c920413d2695d88712","62a9f0f820413d2695d88714","62a9f12820413d2695d88716","62a9f86420413d2695d88719"],"status":"active","details":"SpaceX's primary Falcon 9 pad, where all east coast Falcon 9s launched prior to the AMOS-6 anomaly. Previously used alongside SLC-41 to launch Titan rockets for the US Air Force, the pad was heavily damaged by the AMOS-6 anomaly in September 2016. It returned to flight with CRS-13 on December 15, 2017, boasting an upgraded throwback-style Transporter-Erector modeled after that at LC-39A.","id":"5e9e4501f509094ba4566f84"},"flight_number":33,"name":"JCSAT-16","date_utc":"2016-08-14T05:26:00.000Z","date_unix":1471152360,"date_local":"2016-08-14T01:26:00-04:00","date_precision":"hour","upcoming":false,"cores":[{"core":"5e9e28a2f35918b8243b2643","flight":1,"gridfins":true,"legs":true,"reused":false,"landing_attempt":true,"landing_success":true,"landing_type":"ASDS","landpad":"5e9e3032383ecb6bb234e7ca"}],"auto_update":true,"tbd":false,"launch_library_id":null,"id":"5eb87cfaffd86e000604b34a","weather":{"temperature":"+23 °C","wind":"7 km/h","description":"Clear","forecast":[{"day":"1","temperature":"28 °C","wind":"5 km/h"},{"day":"2","temperature":"+27 °C","wind":"6 km/h"},{"day":"3","temperature":" °C","wind":"7 km/h"}]}}],"day after tomorrow":[{"fairings":{"reused":false,"recovery_attempt":false,"recovered":false,"ships":[]},"links":{"patch":{"small":"https://images2.imgbox.com/6f/c0/D3Owbmpo_o.png","large":"https://images2.imgbox.com/57/6a/upI6gwfq_o.png"},"reddit":{"campaign":null,"launch":"http://www.reddit.com/r/spacex/comments/2fenrv","media":null,"recovery":null},"flickr":{"small":[],"original":["https://farm8.staticflickr.com/7604/16169087563_0e3559ab5b_o.jpg","https://farm9.staticflickr.com/8742/16233828644_96738200b2_o.jpg","https://farm8.staticflickr.com/7645/16601443698_e70315d1ed_o.jpg","https://farm9.staticflickr.com/8730/16830335046_5f017c17be_o.jpg","https://farm9.staticflickr.com/8637/16855040322_57671ab8eb_o.jpg"]},"presskit":"https://www.spaceflightnow.com/falcon9/012/presskit.pdf","webcast":"https://www.youtube.com/watch?v=39ninsyTRk8","youtube_id":"39ninsyTRk8","article":"https://www.space.com/27052-spacex-launches-asiasat6-satellite.html","wikipedia":"https://en.wikipedia.org/wiki/AsiaSat_6"},"static_fire_date_utc":"2014-08-22T23:51:18.000Z","static_fire_date_unix":1408751478,"net":false,"window":7200,"rocket":"5e9d0d95eda69973a809d1ec","success":true,"failures":[],"details":null,"crew":[],"ships":[],"capsules":[],"payloads":["5eb0e4bcb6c3bb0006eeb1f4"],"launchpad":{"images":{"large":["https://i.imgur.com/9oEMXwa.png"]},"name":"CCSFS SLC 40","full_name":"Cape Canaveral Space Force Station Space Launch Complex 40","locality":"Cape Canaveral","region":"Florida","latitude":28.5618571,"longitude":-80.577366,"launch_attempts":95,"launch_successes":93,"rockets":["5e9d0d95eda69973a809d1ec"],"timezone":"America/New_York","launches":["5eb87cddffd86e000604b32f","5eb87cdeffd86e000604b330","5eb87cdfffd86e000604b331","5eb87ce0ffd86e000604b332","5eb87ce1ffd86e000604b333","5eb87ce2ffd86e000604b335","5eb87ce3ffd86e000604b336","5eb87ce4ffd86e000604b337","5eb87ce4ffd86e000604b338","5eb87ce5ffd86e000604b339","5eb87ce6ffd86e000604b33a","5eb87ce7ffd86e000604b33b","5eb87ce8ffd86e000604b33c","5eb87ceaffd86e000604b33d","5eb87ceaffd86e000604b33e","5eb87cecffd86e000604b33f","5eb87cedffd86e000604b340","5eb87ceeffd86e000604b341","5eb87cefffd86e000604b342","5eb87cf2ffd86e000604b344","5eb87cf3ffd86e000604b345","5eb87cf5ffd86e000604b346","5eb87cf6ffd86e000604b347","5eb87cf8ffd86e000604b348","5eb87cf9ffd86e000604b349","5eb87cfaffd86e000604b34a","5eb87cfbffd86e000604b34b","5eb87d0effd86e000604b35c","5eb87d10ffd86e000604b35e","5eb87d11ffd86e000604b35f","5eb87d15ffd86e000604b362","5eb87d16ffd86e000604b364","5eb87d18ffd86e000604b365","5eb87d1bffd86e000604b368","5eb87d1cffd86e000604b369","5eb87d1effd86e000604b36a","5eb87d20ffd86e000604b36c","5eb87d22ffd86e000604b36d","5eb87d26ffd86e000604b371","5eb87d27ffd86e000604b372","5eb87d2affd86e000604b374","5eb87d2effd86e000604b377","5eb87d30ffd86e000604b378","5eb87d36ffd86e000604b37b","5eb87d37ffd86e000604b37c","5eb87d39ffd86e000604b37d","5eb87d39ffd86e000604b37e","5eb87d3bffd86e000604b37f","5eb87d3cffd86e000604b380","5eb87d3fffd86e000604b382","5eb87d41ffd86e000604b383","5eb87d42ffd86e000604b384","5eb87d45ffd86e000604b387","5eb87d46ffd86e000604b389","5eb87d4affd86e000604b38b","5eb87d50ffd86e000604b394","5ed981d91f30554030d45c2a","5eb87d47ffd86e000604b38a","5ef6a2e70059c33cee4a8293","5eb87d4cffd86e000604b38d","5fb95b3f3a88ae63c954603c","5eb87d4bffd86e000604b38c","5eb87d4fffd86e000604b393","5fd386aa7faea57d297c86c1","5ff6554f9257f579ee3a6c5f","600f9a5e8f798e2a4d5f979c","600f9a718f798e2a4d5f979d","60428aafc041c16716f73cd7","60428ac4c041c16716f73cd8","605b4b6aaa5433645e37d03f","6079bd1c9a06446e8c61bf76","6079bd399a06446e8c61bf77","5fe3af6db3467846b3242160","5eb87d4effd86e000604b390","600f9b6d8f798e2a4d5f979f","618faad2563d69573ed8ca9d","6161c94c6db1a92bfba85349","5fe3afc1b3467846b3242164","61bf3e31cd5ab50b0d936345","6161d32d6db1a92bfba85359","61fc01dae0dc5662b76489a7","61fc0243e0dc5662b76489ae","6234908cf051102e1fcedac4","6243ad8baf52800c6e919252","6243ada6af52800c6e919253","62582a6f5988f159024b964b","625828f25988f159024b9643","6243ae24af52800c6e919258","6243ae0aaf52800c6e919257","62a9f08b20413d2695d88711","6243aea5af52800c6e91925c","62a9f0c920413d2695d88712","62a9f0f820413d2695d88714","62a9f12820413d2695d88716","62a9f86420413d2695d88719"],"status":"active","details":"SpaceX's primary Falcon 9 pad, where all east coast Falcon 9s launched prior to the AMOS-6 anomaly. Previously used alongside SLC-41 to launch Titan rockets for the US Air Force, the pad was heavily damaged by the AMOS-6 anomaly in September 2016. It returned to flight with CRS-13 on December 15, 2017, boasting an upgraded throwback-style Transporter-Erector modeled after that at LC-39A.","id":"5e9e4501f509094ba4566f84"},"flight_number":17,"name":"AsiaSat 6","date_utc":"2014-09-07T05:00:00.000Z","date_unix":1410066000,"date_local":"2014-09-07T01:00:00-04:00","date_precision":"hour","upcoming":false,"cores":[{"core":"5e9e28a0f35918b1bc3b2633","flight":1,"gridfins":false,"legs":false,"reused":false,"landing_attempt":false,"landing_success":null,"landing_type":null,"landpad":null}],"auto_update":true,"tbd":false,"launch_library_id":null,"id":"5eb87ce6ffd86e000604b33a","weather":{"temperature":"+23 °C","wind":"7 km/h","description":"Clear","forecast":[{"day":"1","temperature":"28 °C","wind":"5 km/h"},{"day":"2","temperature":"+27 °C","wind":"6 km/h"},{"day":"3","temperature":" °C","wind":"7 km/h"}]}},{"fairings":null,"links":{"patch":{"small":"https://images2.imgbox.com/b4/28/cQwcs8qz_o.png","large":"https://images2.imgbox.com/0d/e8/tfdeNslS_o.png"},"reddit":{"campaign":null,"launch":"http://www.reddit.com/r/spacex/comments/2grxer","media":null,"recovery":null},"flickr":{"small":[],"original":["https://farm8.staticflickr.com/7608/16661753958_9f61f777e7_o.jpg","https://farm9.staticflickr.com/8593/16763199166_38ba2cafc8_o.jpg","https://farm9.staticflickr.com/8655/16789074175_ba03989359_o.png","https://farm9.staticflickr.com/8659/16166761954_ebc2a72b2a_o.jpg","https://farm9.staticflickr.com/8620/16642025217_a6852b9499_o.jpg"]},"presskit":"https://www.nasa.gov/sites/default/files/files/SpaceX_NASA_CRS-4_PressKit.pdf","webcast":"https://www.youtube.com/watch?v=7YkCh7uOw1Y","youtube_id":"7YkCh7uOw1Y","article":"https://www.nasa.gov/press/2014/september/nasa-cargo-launches-to-space-station-aboard-spacex-resupply-mission-0","wikipedia":"https://en.wikipedia.org/wiki/SpaceX_CRS-4"},"static_fire_date_utc":"2014-09-17T00:00:00.000Z","static_fire_date_unix":1410912000,"net":false,"window":0,"rocket":"5e9d0d95eda69973a809d1ec","success":true,"failures":[],"details":null,"crew":[],"ships":["5ea6ed2d080df4000697c902"],"capsules":["5e9e2c5bf3591880643b2669"],"payloads":["5eb0e4bcb6c3bb0006eeb1f5"],"launchpad":{"images":{"large":["https://i.imgur.com/9oEMXwa.png"]},"name":"CCSFS SLC 40","full_name":"Cape Canaveral Space Force Station Space Launch Complex 40","locality":"Cape Canaveral","region":"Florida","latitude":28.5618571,"longitude":-80.577366,"launch_attempts":95,"launch_successes":93,"rockets":["5e9d0d95eda69973a809d1ec"],"timezone":"America/New_York","launches":["5eb87cddffd86e000604b32f","5eb87cdeffd86e000604b330","5eb87cdfffd86e000604b331","5eb87ce0ffd86e000604b332","5eb87ce1ffd86e000604b333","5eb87ce2ffd86e000604b335","5eb87ce3ffd86e000604b336","5eb87ce4ffd86e000604b337","5eb87ce4ffd86e000604b338","5eb87ce5ffd86e000604b339","5eb87ce6ffd86e000604b33a","5eb87ce7ffd86e000604b33b","5eb87ce8ffd86e000604b33c","5eb87ceaffd86e000604b33d","5eb87ceaffd86e000604b33e","5eb87cecffd86e000604b33f","5eb87cedffd86e000604b340","5eb87ceeffd86e000604b341","5eb87cefffd86e000604b342","5eb87cf2ffd86e000604b344","5eb87cf3ffd86e000604b345","5eb87cf5ffd86e000604b346","5eb87cf6ffd86e000604b347","5eb87cf8ffd86e000604b348","5eb87cf9ffd86e000604b349","5eb87cfaffd86e000604b34a","5eb87cfbffd86e000604b34b","5eb87d0effd86e000604b35c","5eb87d10ffd86e000604b35e","5eb87d11ffd86e000604b35f","5eb87d15ffd86e000604b362","5eb87d16ffd86e000604b364","5eb87d18ffd86e000604b365","5eb87d1bffd86e000604b368","5eb87d1cffd86e000604b369","5eb87d1effd86e000604b36a","5eb87d20ffd86e000604b36c","5eb87d22ffd86e000604b36d","5eb87d26ffd86e000604b371","5eb87d27ffd86e000604b372","5eb87d2affd86e000604b374","5eb87d2effd86e000604b377","5eb87d30ffd86e000604b378","5eb87d36ffd86e000604b37b","5eb87d37ffd86e000604b37c","5eb87d39ffd86e000604b37d","5eb87d39ffd86e000604b37e","5eb87d3bffd86e000604b37f","5eb87d3cffd86e000604b380","5eb87d3fffd86e000604b382","5eb87d41ffd86e000604b383","5eb87d42ffd86e000604b384","5eb87d45ffd86e000604b387","5eb87d46ffd86e000604b389","5eb87d4affd86e000604b38b","5eb87d50ffd86e000604b394","5ed981d91f30554030d45c2a","5eb87d47ffd86e000604b38a","5ef6a2e70059c33cee4a8293","5eb87d4cffd86e000604b38d","5fb95b3f3a88ae63c954603c","5eb87d4bffd86e000604b38c","5eb87d4fffd86e000604b393","5fd386aa7faea57d297c86c1","5ff6554f9257f579ee3a6c5f","600f9a5e8f798e2a4d5f979c","600f9a718f798e2a4d5f979d","60428aafc041c16716f73cd7","60428ac4c041c16716f73cd8","605b4b6aaa5433645e37d03f","6079bd1c9a06446e8c61bf76","6079bd399a06446e8c61bf77","5fe3af6db3467846b3242160","5eb87d4effd86e000604b390","600f9b6d8f798e2a4d5f979f","618faad2563d69573ed8ca9d","6161c94c6db1a92bfba85349","5fe3afc1b3467846b3242164","61bf3e31cd5ab50b0d936345","6161d32d6db1a92bfba85359","61fc01dae0dc5662b76489a7","61fc0243e0dc5662b76489ae","6234908cf051102e1fcedac4","6243ad8baf52800c6e919252","6243ada6af52800c6e919253","62582a6f5988f159024b964b","625828f25988f159024b9643","6243ae24af52800c6e919258","6243ae0aaf52800c6e919257","62a9f08b20413d2695d88711","6243aea5af52800c6e91925c","62a9f0c920413d2695d88712","62a9f0f820413d2695d88714","62a9f12820413d2695d88716","62a9f86420413d2695d88719"],"status":"active","details":"SpaceX's primary Falcon 9 pad, where all east coast Falcon 9s launched prior to the AMOS-6 anomaly. Previously used alongside SLC-41 to launch Titan rockets for the US Air Force, the pad was heavily damaged by the AMOS-6 anomaly in September 2016. It returned to flight with CRS-13 on December 15, 2017, boasting an upgraded throwback-style Transporter-Erector modeled after that at LC-39A.","id":"5e9e4501f509094ba4566f84"},"flight_number":18,"name":"CRS-4","date_utc":"2014-09-21T05:52:00.000Z","date_unix":1411278720,"date_local":"2014-09-21T01:52:00-04:00","date_precision":"hour","upcoming":false,"cores":[{"core":"5e9e28a0f359184a683b2634","flight":1,"gridfins":false,"legs":false,"reused":false,"landing_attempt":true,"landing_success":false,"landing_type":"Ocean","landpad":null}],"auto_update":true,"tbd":false,"launch_library_id":null,"id":"5eb87ce7ffd86e000604b33b","weather":{"temperature":"+23 °C","wind":"7 km/h","description":"Clear","forecast":[{"day":"1","temperature":"28 °C","wind":"5 km/h"},{"day":"2","temperature":"+27 °C","wind":"6 km/h"},{"day":"3","temperature":" °C","wind":"7 km/h"}]}},{"fairings":{"reused":false,"recovery_attempt":false,"recovered":false,"ships":[]},"links":{"patch":{"small":"https://images2.imgbox.com/a4/21/eLkeQOl8_o.png","large":"https://images2.imgbox.com/74/fc/KiaMQgym_o.png"},"reddit":{"campaign":"https://www.reddit.com/r/spacex/comments/4pv6ws","launch":"https://www.reddit.com/r/spacex/comments/4xi7uq","media":"https://www.reddit.com/r/spacex/comments/4xkdfj","recovery":"https://www.reddit.com/r/spacex/comments/4y5xd1"},"flickr":{"small":[],"original":["https://farm9.staticflickr.com/8699/28965678292_17533229f3_o.jpg","https://farm9.staticflickr.com/8173/28453337463_b9d11eeb4c_o.jpg","https://farm8.staticflickr.com/7793/28453335533_3f5a0a5760_o.jpg","https://farm9.staticflickr.com/8784/28938085496_74b3fd0527_o.jpg","https://farm9.staticflickr.com/8337/28969742675_15f78369a1_o.jpg","https://farm9.staticflickr.com/8691/28353012603_ab83b6f5aa_o.jpg","https://farm9.staticflickr.com/8078/28351782813_58ca783e51_o.jpg"]},"presskit":"https://drive.google.com/open?id=0BwA3a65ef1Ovb0FkYnE5dElZRlU","webcast":"https://www.youtube.com/watch?v=QZTCEO0gvLo","youtube_id":"QZTCEO0gvLo","article":"https://spaceflightnow.com/2016/08/14/falcon-9-rocket-launches-japanese-satellite-then-nails-bullseye-landing/","wikipedia":"https://en.wikipedia.org/wiki/JCSAT-16"},"static_fire_date_utc":"2016-08-11T04:01:00.000Z","static_fire_date_unix":1470888060,"net":false,"window":7200,"rocket":"5e9d0d95eda69973a809d1ec","success":true,"failures":[],"details":"First attempt to touch down from a ballistic trajectory using a single-engine landing burn. All previous landings from a ballistic trajectory had fired three engines on the landing-burn, which provided more braking force, but subjected the vehicle to greater structural stresses. The single-engine landing burn takes more time and fuel, but puts less stress on the vehicle.","crew":[],"ships":["5ea6ed2e080df4000697c906","5ea6ed2f080df4000697c90b","5ea6ed2f080df4000697c90c","5ea6ed30080df4000697c913"],"capsules":[],"payloads":["5eb0e4c1b6c3bb0006eeb206"],"launchpad":{"images":{"large":["https://i.imgur.com/9oEMXwa.png"]},"name":"CCSFS SLC 40","full_name":"Cape Canaveral Space Force Station Space Launch Complex 40","locality":"Cape Canaveral","region":"Florida","latitude":28.5618571,"longitude":-80.577366,"launch_attempts":95,"launch_successes":93,"rockets":["5e9d0d95eda69973a809d1ec"],"timezone":"America/New_York","launches":["5eb87cddffd86e000604b32f","5eb87cdeffd86e000604b330","5eb87cdfffd86e000604b331","5eb87ce0ffd86e000604b332","5eb87ce1ffd86e000604b333","5eb87ce2ffd86e000604b335","5eb87ce3ffd86e000604b336","5eb87ce4ffd86e000604b337","5eb87ce4ffd86e000604b338","5eb87ce5ffd86e000604b339","5eb87ce6ffd86e000604b33a","5eb87ce7ffd86e000604b33b","5eb87ce8ffd86e000604b33c","5eb87ceaffd86e000604b33d","5eb87ceaffd86e000604b33e","5eb87cecffd86e000604b33f","5eb87cedffd86e000604b340","5eb87ceeffd86e000604b341","5eb87cefffd86e000604b342","5eb87cf2ffd86e000604b344","5eb87cf3ffd86e000604b345","5eb87cf5ffd86e000604b346","5eb87cf6ffd86e000604b347","5eb87cf8ffd86e000604b348","5eb87cf9ffd86e000604b349","5eb87cfaffd86e000604b34a","5eb87cfbffd86e000604b34b","5eb87d0effd86e000604b35c","5eb87d10ffd86e000604b35e","5eb87d11ffd86e000604b35f","5eb87d15ffd86e000604b362","5eb87d16ffd86e000604b364","5eb87d18ffd86e000604b365","5eb87d1bffd86e000604b368","5eb87d1cffd86e000604b369","5eb87d1effd86e000604b36a","5eb87d20ffd86e000604b36c","5eb87d22ffd86e000604b36d","5eb87d26ffd86e000604b371","5eb87d27ffd86e000604b372","5eb87d2affd86e000604b374","5eb87d2effd86e000604b377","5eb87d30ffd86e000604b378","5eb87d36ffd86e000604b37b","5eb87d37ffd86e000604b37c","5eb87d39ffd86e000604b37d","5eb87d39ffd86e000604b37e","5eb87d3bffd86e000604b37f","5eb87d3cffd86e000604b380","5eb87d3fffd86e000604b382","5eb87d41ffd86e000604b383","5eb87d42ffd86e000604b384","5eb87d45ffd86e000604b387","5eb87d46ffd86e000604b389","5eb87d4affd86e000604b38b","5eb87d50ffd86e000604b394","5ed981d91f30554030d45c2a","5eb87d47ffd86e000604b38a","5ef6a2e70059c33cee4a8293","5eb87d4cffd86e000604b38d","5fb95b3f3a88ae63c954603c","5eb87d4bffd86e000604b38c","5eb87d4fffd86e000604b393","5fd386aa7faea57d297c86c1","5ff6554f9257f579ee3a6c5f","600f9a5e8f798e2a4d5f979c","600f9a718f798e2a4d5f979d","60428aafc041c16716f73cd7","60428ac4c041c16716f73cd8","605b4b6aaa5433645e37d03f","6079bd1c9a06446e8c61bf76","6079bd399a06446e8c61bf77","5fe3af6db3467846b3242160","5eb87d4effd86e000604b390","600f9b6d8f798e2a4d5f979f","618faad2563d69573ed8ca9d","6161c94c6db1a92bfba85349","5fe3afc1b3467846b3242164","61bf3e31cd5ab50b0d936345","6161d32d6db1a92bfba85359","61fc01dae0dc5662b76489a7","61fc0243e0dc5662b76489ae","6234908cf051102e1fcedac4","6243ad8baf52800c6e919252","6243ada6af52800c6e919253","62582a6f5988f159024b964b","625828f25988f159024b9643","6243ae24af52800c6e919258","6243ae0aaf52800c6e919257","62a9f08b20413d2695d88711","6243aea5af52800c6e91925c","62a9f0c920413d2695d88712","62a9f0f820413d2695d88714","62a9f12820413d2695d88716","62a9f86420413d2695d88719"],"status":"active","details":"SpaceX's primary Falcon 9 pad, where all east coast Falcon 9s launched prior to the AMOS-6 anomaly. Previously used alongside SLC-41 to launch Titan rockets for the US Air Force, the pad was heavily damaged by the AMOS-6 anomaly in September 2016. It returned to flight with CRS-13 on December 15, 2017, boasting an upgraded throwback-style Transporter-Erector modeled after that at LC-39A.","id":"5e9e4501f509094ba4566f84"},"flight_number":33,"name":"JCSAT-16","date_utc":"2016-08-14T05:26:00.000Z","date_unix":1471152360,"date_local":"2016-08-14T01:26:00-04:00","date_precision":"hour","upcoming":false,"cores":[{"core":"5e9e28a2f35918b8243b2643","flight":1,"gridfins":true,"legs":true,"reused":false,"landing_attempt":true,"landing_success":true,"landing_type":"ASDS","landpad":"5e9e3032383ecb6bb234e7ca"}],"auto_update":true,"tbd":false,"launch_library_id":null,"id":"5eb87cfaffd86e000604b34a","weather":{"temperature":"+23 °C","wind":"7 km/h","description":"Clear","forecast":[{"day":"1","temperature":"28 °C","wind":"5 km/h"},{"day":"2","temperature":"+27 °C","wind":"6 km/h"},{"day":"3","temperature":" °C","wind":"7 km/h"}]}}]}